Unique reference code,First name,Last name,Date of birth,Gender,RAG rating,NHS number,Start date,End date,Primary team,Contact number,Contact email,Full address,Keysafe code
SU1000,Melissa,Farrell,1943-05-20,Female,Amber,3018516391,2024-09-13,2025-07-17,Community Team 4,(0113) 4960910,melissa.farrell@example.com,"59 College Avenue, Chafford Hundred, Thurrock, Essex, RM15 2BB",9935
SU1001,Oliver,Vaughan,1990-07-16,Male,Amber,8090608871,2020-11-15,,Community Team 4,(020)74960392,oliver.vaughan@example.com,"37 Palmers Avenue, South Ockendon, Thurrock, Essex, RM18 2BB",1011
SU1002,Ben,Charlton,1932-07-11,Female,Amber,9732400227,2024-05-12,2025-09-22,Community Team 1,+44(0)1414960056,ben.charlton@example.com,"7 Orsett Road, South Ockendon, Thurrock, Essex, RM18 2BB",3697
SU1003,Gregory,Lee,1986-01-27,Female,Amber,3049275593,2024-10-18,,Community Team 2,+44(0)1214960417,gregory.lee@example.com,"177 Orsett Road, Tilbury, Thurrock, Essex, RM15 2BB",5101
SU1004,Matthew,Ali,1991-08-07,Male,Amber,2587864822,2024-07-26,,Community Team 3,+44141 496 0743,matthew.ali@example.com,"48 Lodge Lane, Chafford Hundred, Thurrock, Essex, RM18 5EE",9628
SU1005,Phillip,Burns,1953-06-02,Female,Green,5098265363,2023-08-07,,Community Team 4,+44(0)131 496 0947,phillip.burns@example.com,"71 Southend Road, Tilbury, Thurrock, Essex, RM16 1AA",9446
SU1006,Edward,Jones,1950-09-17,Female,Amber,3495855161,2025-03-23,,Community Team 2,(0191) 4960445,edward.jones@example.com,"21 Chadwell Road, Tilbury, Thurrock, Essex, RM20 3CC",5497
SU1007,Ryan,Jones,1969-02-11,Female,Amber,9673219534,2021-08-13,,Community Team 2,+4429 2018101,ryan.jones@example.com,"195 Lodge Lane, Stanford-le-Hope, Thurrock, Essex, RM17 3CC",6556
SU1008,Alison,Bibi,1936-08-02,Male,Green,8883760689,2020-11-25,2025-04-01,Community Team 2,(029) 2018310,alison.bibi@example.com,"132 Cromwell Road, Aveley, Thurrock, Essex, RM19 2BB",5195
SU1009,Natasha,Wood,1937-12-20,Female,Red,6257381253,2023-05-10,2025-05-07,Community Team 4,+44(0)2074960225,natasha.wood@example.com,"114 Bridge Road, Chafford Hundred, Thurrock, Essex, RM17 2BB",8079
SU1010,Philip,O'Brien,1982-05-23,Female,Green,1412211735,2023-10-13,,Community Team 1,01314960427,philip.o'brien@example.com,"194 College Avenue, Grays, Thurrock, Essex, RM15 4DD",5230
SU1011,Peter,Williams,1967-08-05,Male,Amber,1841600264,2021-01-20,,Community Team 1,(0161) 496 0166,peter.williams@example.com,"44 Cromwell Road, Tilbury, Thurrock, Essex, RM20 4DD",7918
SU1012,Duncan,Hargreaves,1933-09-05,Male,Green,2796534934,2025-05-27,,Community Team 1,(0808)1570431,duncan.hargreaves@example.com,"80 London Road, Grays, Thurrock, Essex, RM16 4DD",4743
SU1013,Sean,Carter,1986-08-02,Female,Red,3554829196,2022-02-09,,Community Team 2,0121 4960685,sean.carter@example.com,"68 Cromwell Road, Grays, Thurrock, Essex, RM19 4DD",5172
SU1014,Louis,Lloyd,1982-06-21,Male,Amber,2818170382,2025-06-26,,Community Team 1,+4429 2018 0431,louis.lloyd@example.com,"177 Orsett Road, South Ockendon, Thurrock, Essex, RM17 4DD",7290
SU1015,Kerry,Booth,1971-09-27,Female,Amber,8937021685,2025-05-05,,Community Team 2,(0113) 496 0220,kerry.booth@example.com,"99 London Road, Aveley, Thurrock, Essex, RM18 5EE",7305
SU1016,Jordan,Perkins,1946-02-08,Female,Green,9916469493,2022-08-24,,Community Team 1,(0117)4960597,jordan.perkins@example.com,"72 College Avenue, Chafford Hundred, Thurrock, Essex, RM19 4DD",3955
SU1017,Sophie,Wilson,1981-10-04,Male,Green,7291745152,2025-06-04,,Community Team 3,+44(0)117 4960195,sophie.wilson@example.com,"177 Southend Road, Aveley, Thurrock, Essex, RM15 1AA",1569
SU1018,Kimberley,Mellor,1977-03-25,Male,Green,6684631856,2023-11-08,,Community Team 2,(0117) 4960969,kimberley.mellor@example.com,"14 Palmers Avenue, Grays, Thurrock, Essex, RM15 3CC",9362
SU1019,Elaine,Jackson,1975-05-09,Male,Red,9337981640,2021-06-10,2025-04-01,Community Team 4,(0114) 4960770,elaine.jackson@example.com,"148 Lodge Lane, Aveley, Thurrock, Essex, RM19 1AA",6919
SU1020,Donna,Roberts,1960-05-29,Female,Amber,6042167807,2021-10-11,,Community Team 2,+44(0)20 74960311,donna.roberts@example.com,"142 Lodge Lane, South Ockendon, Thurrock, Essex, RM19 4DD",4350
SU1021,June,King,1965-08-11,Female,Green,1940093694,2024-12-09,,Community Team 3,+44114 496 0723,june.king@example.com,"75 High Street, Grays, Thurrock, Essex, RM19 5EE",9523
SU1022,Tony,Nelson,1960-11-27,Male,Green,5886836922,2021-02-16,,Community Team 3,+44(0)1514960166,tony.nelson@example.com,"122 Orsett Road, Tilbury, Thurrock, Essex, RM18 3CC",3541
SU1023,Graham,Day,1942-01-02,Male,Red,1552503004,2021-01-06,2025-04-24,Community Team 2,+4429 2018254,graham.day@example.com,"116 Orsett Road, Tilbury, Thurrock, Essex, RM20 2BB",9874
SU1024,Jonathan,Baker,1981-02-25,Female,Red,3900924978,2025-03-08,2025-09-29,Community Team 2,(01632)960579,jonathan.baker@example.com,"180 Southend Road, Chafford Hundred, Thurrock, Essex, RM20 5EE",6035
SU1025,Dominic,Richards,1955-06-30,Male,Green,6217603734,2022-12-02,2025-02-21,Community Team 4,0292018972,dominic.richards@example.com,"50 Cromwell Road, Grays, Thurrock, Essex, RM16 3CC",9300
SU1026,Julian,Shepherd,1939-05-20,Female,Amber,2837738590,2025-01-14,,Community Team 4,(0114) 4960862,julian.shepherd@example.com,"122 Bridge Road, Chafford Hundred, Thurrock, Essex, RM17 1AA",8643
SU1027,Melissa,Jones,1930-03-29,Male,Green,7938313430,2023-09-07,,Community Team 1,+44161 4960284,melissa.jones@example.com,"103 Chadwell Road, Grays, Thurrock, Essex, RM17 4DD",4257
SU1028,Abigail,Walker,1938-03-24,Female,Green,9695128985,2021-04-21,,Community Team 4,+44(0)29 2018 0089,abigail.walker@example.com,"4 Bridge Road, Stanford-le-Hope, Thurrock, Essex, RM19 3CC",5870
SU1029,Melissa,Baker,1951-10-13,Female,Amber,1491430267,2021-02-12,2025-06-08,Community Team 4,+442074960164,melissa.baker@example.com,"186 High Street, Stanford-le-Hope, Thurrock, Essex, RM15 4DD",9364
SU1030,Katherine,Woodward,1974-10-22,Male,Green,1979811284,2021-10-18,2024-10-27,Community Team 4,0117 496 0448,katherine.woodward@example.com,"186 Palmers Avenue, Tilbury, Thurrock, Essex, RM19 5EE",1078
SU1031,Shirley,Davison,1949-11-16,Male,Green,5909311245,2022-01-03,,Community Team 4,+44306 999 0366,shirley.davison@example.com,"163 Bridge Road, Grays, Thurrock, Essex, RM16 1AA",5718
SU1032,Jean,Harrison,1979-01-21,Female,Red,2880350277,2022-08-22,,Community Team 4,+44292018043,jean.harrison@example.com,"143 Southend Road, Tilbury, Thurrock, Essex, RM18 1AA",2401
SU1033,Brenda,Dale,1948-11-13,Male,Amber,4419625678,2023-08-10,,Community Team 1,(01632) 960 877,brenda.dale@example.com,"166 High Street, Aveley, Thurrock, Essex, RM15 1AA",9276
SU1034,Lawrence,Cook,1994-12-26,Female,Green,7643926350,2023-12-12,,Community Team 1,(0131) 496 0166,lawrence.cook@example.com,"60 Cromwell Road, Grays, Thurrock, Essex, RM20 5EE",3723
SU1035,Simon,Short,1930-06-13,Female,Amber,3902424279,2025-01-02,,Community Team 3,(0306) 9990839,simon.short@example.com,"5 Bridge Road, South Ockendon, Thurrock, Essex, RM15 2BB",8053
SU1036,Benjamin,Duffy,1963-07-30,Male,Green,5402599543,2025-03-05,,Community Team 4,+44(0)115 496 0641,benjamin.duffy@example.com,"56 London Road, Stanford-le-Hope, Thurrock, Essex, RM20 2BB",7790
SU1037,Brett,Summers,1954-06-05,Female,Green,9135803162,2021-10-30,,Community Team 2,0909 879 0154,brett.summers@example.com,"9 High Street, Tilbury, Thurrock, Essex, RM16 4DD",9573
SU1038,Hazel,Bell,1950-10-01,Female,Amber,8198383356,2021-10-30,,Community Team 2,+44116 4960230,hazel.bell@example.com,"128 Orsett Road, Grays, Thurrock, Essex, RM19 3CC",5641
SU1039,Anthony,Norris,1995-09-07,Female,Red,2503711532,2023-08-11,,Community Team 2,+44141 4960904,anthony.norris@example.com,"30 Cromwell Road, Stanford-le-Hope, Thurrock, Essex, RM19 3CC",1782
SU1040,Gillian,Smith,1935-08-15,Male,Red,7611764022,2024-04-21,2025-07-07,Community Team 4,+44(0)289018662,gillian.smith@example.com,"86 Bridge Road, Tilbury, Thurrock, Essex, RM16 4DD",6954
SU1041,Jack,Lewis,1937-11-27,Male,Amber,3101426806,2022-06-04,,Community Team 1,+44(0)113 4960843,jack.lewis@example.com,"46 Bridge Road, Tilbury, Thurrock, Essex, RM19 5EE",9145
SU1042,Clare,Johnson,1961-07-15,Female,Amber,3161873097,2024-01-31,,Community Team 3,+44(0)1414960637,clare.johnson@example.com,"185 High Street, Aveley, Thurrock, Essex, RM17 3CC",2942
SU1043,Ben,Hussain,1930-11-10,Female,Green,5756156030,2022-12-10,,Community Team 1,0141 496 0312,ben.hussain@example.com,"164 Cromwell Road, Chafford Hundred, Thurrock, Essex, RM15 4DD",9075
SU1044,Donna,Benson,1932-07-06,Female,Amber,1088924170,2021-05-01,,Community Team 1,+441164960279,donna.benson@example.com,"74 Chadwell Road, Chafford Hundred, Thurrock, Essex, RM15 5EE",4204
SU1045,Anthony,Schofield,1972-03-29,Female,Amber,3944270003,2025-09-19,,Community Team 4,(0114) 4960908,anthony.schofield@example.com,"94 High Street, Stanford-le-Hope, Thurrock, Essex, RM15 5EE",5812
SU1046,Leon,Dunn,1953-03-23,Male,Green,5771542612,2023-10-06,,Community Team 3,(0131)4960001,leon.dunn@example.com,"199 High Street, South Ockendon, Thurrock, Essex, RM19 1AA",2654
SU1047,Sophie,Spencer,1954-08-26,Female,Red,6902433116,2022-02-11,,Community Team 2,+44114 496 0104,sophie.spencer@example.com,"68 High Street, South Ockendon, Thurrock, Essex, RM15 3CC",1256
SU1048,Glenn,Stevens,1937-07-28,Female,Red,4131255690,2023-08-04,,Community Team 2,+44(0)289018262,glenn.stevens@example.com,"66 Southend Road, Tilbury, Thurrock, Essex, RM17 1AA",6837
SU1049,Benjamin,Fox,1982-01-29,Female,Amber,5425815764,2020-12-05,,Community Team 1,(0306) 999 0426,benjamin.fox@example.com,"72 Orsett Road, Stanford-le-Hope, Thurrock, Essex, RM18 3CC",6138
SU1050,Maureen,Bishop,1980-04-06,Female,Amber,1792540794,2021-05-22,,Community Team 2,+44(0)191 4960584,maureen.bishop@example.com,"176 Chadwell Road, Stanford-le-Hope, Thurrock, Essex, RM16 4DD",7846
SU1051,Mitchell,Johnson,1980-10-14,Male,Red,8530346356,2023-03-18,,Community Team 3,(0909) 879 0426,mitchell.johnson@example.com,"163 High Street, Stanford-le-Hope, Thurrock, Essex, RM20 1AA",8188
SU1052,Paul,Williams,1969-11-12,Male,Green,2254895002,2024-04-13,,Community Team 1,+4420 7496 0319,paul.williams@example.com,"193 College Avenue, South Ockendon, Thurrock, Essex, RM20 2BB",5738
SU1053,Thomas,Frost,1978-02-24,Female,Green,9788986245,2022-01-17,,Community Team 3,+44113 4960485,thomas.frost@example.com,"9 Chadwell Road, South Ockendon, Thurrock, Essex, RM18 1AA",8282
SU1054,Hollie,Miller,1940-12-01,Female,Green,8755433789,2025-09-23,2025-07-03,Community Team 4,+44(0)306 999 0779,hollie.miller@example.com,"134 Lodge Lane, Chafford Hundred, Thurrock, Essex, RM16 3CC",5776
SU1055,Katy,Kay,1962-09-20,Female,Red,1401826967,2025-01-22,,Community Team 1,+44(0)1914960057,katy.kay@example.com,"69 High Street, Tilbury, Thurrock, Essex, RM19 3CC",4984
SU1056,Jade,Riley,1991-01-09,Male,Amber,7964987445,2023-09-05,,Community Team 2,+4428 9018 0299,jade.riley@example.com,"61 Lodge Lane, Aveley, Thurrock, Essex, RM17 3CC",1219
SU1057,Christopher,Harris,1979-02-03,Female,Red,8678729631,2023-02-21,,Community Team 1,+44(0)118 4960597,christopher.harris@example.com,"6 London Road, Tilbury, Thurrock, Essex, RM16 1AA",1968
SU1058,Louise,Parker,1951-12-31,Male,Red,1235317241,2021-04-16,2025-05-23,Community Team 3,+44(0)20 7496 0857,louise.parker@example.com,"9 London Road, Chafford Hundred, Thurrock, Essex, RM18 1AA",5834
SU1059,Ian,Williams,1966-08-23,Male,Red,3215713853,2025-07-22,,Community Team 3,(0117) 496 0562,ian.williams@example.com,"186 High Street, Chafford Hundred, Thurrock, Essex, RM15 4DD",2166
SU1060,Amelia,White,1954-02-26,Female,Amber,3234470297,2021-05-22,,Community Team 1,+442074960852,amelia.white@example.com,"168 London Road, Tilbury, Thurrock, Essex, RM19 4DD",6126
SU1061,Leah,Harrison,1991-06-25,Female,Amber,6217197688,2021-12-03,,Community Team 1,+4420 7496 0819,leah.harrison@example.com,"19 Lodge Lane, South Ockendon, Thurrock, Essex, RM19 1AA",3121
SU1062,Anthony,Clements,1944-01-05,Female,Green,8978018960,2022-08-17,2024-11-11,Community Team 2,0151 4960136,anthony.clements@example.com,"149 Cromwell Road, Chafford Hundred, Thurrock, Essex, RM16 4DD",2820
SU1063,Hayley,Carr,1960-03-28,Female,Red,2351845464,2023-03-23,2024-12-31,Community Team 3,+44306 999 0512,hayley.carr@example.com,"27 Cromwell Road, Chafford Hundred, Thurrock, Essex, RM16 4DD",2437
SU1064,Graeme,Simpson,1974-04-18,Male,Red,5005097779,2025-09-02,,Community Team 2,+44(0)191 496 0219,graeme.simpson@example.com,"67 Chadwell Road, Grays, Thurrock, Essex, RM20 5EE",2691
SU1065,Bradley,Willis,1936-04-04,Female,Red,2242983383,2023-10-20,,Community Team 1,(0151) 496 0478,bradley.willis@example.com,"150 Bridge Road, Chafford Hundred, Thurrock, Essex, RM16 5EE",9885
SU1066,Darren,Jones,1963-02-20,Male,Amber,1769510163,2021-10-12,,Community Team 1,(0161)4960683,darren.jones@example.com,"94 Palmers Avenue, South Ockendon, Thurrock, Essex, RM19 3CC",2576
SU1067,Jason,Bell,1962-10-29,Male,Green,6369054707,2022-03-12,2025-02-13,Community Team 2,(0114) 4960273,jason.bell@example.com,"116 Orsett Road, Aveley, Thurrock, Essex, RM17 1AA",7105
SU1068,Phillip,Banks,1946-01-15,Female,Red,5245807645,2024-01-06,,Community Team 2,+441154960379,phillip.banks@example.com,"192 Lodge Lane, Tilbury, Thurrock, Essex, RM16 3CC",9845
SU1069,Heather,Clarke,1989-03-20,Female,Red,7112894360,2023-09-06,2025-04-01,Community Team 4,(0191)4960583,heather.clarke@example.com,"60 Southend Road, South Ockendon, Thurrock, Essex, RM16 3CC",1096
SU1070,Diana,Jones,1979-12-10,Male,Red,7929102993,2021-08-26,,Community Team 2,03069990917,diana.jones@example.com,"198 High Street, Stanford-le-Hope, Thurrock, Essex, RM19 3CC",1459
SU1071,Patrick,Bevan,1950-02-06,Male,Green,8710055762,2022-04-08,,Community Team 4,08081570153,patrick.bevan@example.com,"173 Bridge Road, Stanford-le-Hope, Thurrock, Essex, RM20 1AA",4043
SU1072,Clare,Davies,1930-02-04,Female,Red,7456402675,2021-09-07,2025-04-18,Community Team 2,+44(0)116 496 0348,clare.davies@example.com,"141 College Avenue, Stanford-le-Hope, Thurrock, Essex, RM18 3CC",9267
SU1073,Lynda,May,1960-09-08,Male,Green,4108002604,2023-02-21,,Community Team 2,(0808) 1570872,lynda.may@example.com,"114 Bridge Road, Chafford Hundred, Thurrock, Essex, RM19 2BB",7749
SU1074,Geoffrey,Parsons,1989-09-23,Male,Green,4597853663,2024-05-30,,Community Team 2,(01632) 960990,geoffrey.parsons@example.com,"129 Southend Road, Grays, Thurrock, Essex, RM15 1AA",3818
SU1075,Bethan,Fuller,1954-02-23,Male,Red,1086318699,2024-02-16,,Community Team 4,+44292018712,bethan.fuller@example.com,"122 College Avenue, Tilbury, Thurrock, Essex, RM20 5EE",5215
SU1076,Ben,Yates,1933-03-19,Male,Red,4135768831,2021-01-26,,Community Team 1,01914960777,ben.yates@example.com,"6 Southend Road, Aveley, Thurrock, Essex, RM19 2BB",2365
SU1077,Gemma,Davies,1932-10-21,Male,Amber,6338089745,2021-05-08,,Community Team 1,+44(0)808 1570720,gemma.davies@example.com,"192 Cromwell Road, Tilbury, Thurrock, Essex, RM15 3CC",5922
SU1078,Phillip,Ward,1980-01-16,Male,Green,9416284546,2021-07-02,,Community Team 1,0909 879 0968,phillip.ward@example.com,"71 Chadwell Road, Grays, Thurrock, Essex, RM15 5EE",7338
SU1079,Wayne,Saunders,1946-04-04,Female,Red,5988141192,2020-12-14,2025-08-11,Community Team 2,(0808) 157 0298,wayne.saunders@example.com,"190 Southend Road, Tilbury, Thurrock, Essex, RM19 1AA",5135
SU1080,Jonathan,Lewis,1964-10-20,Female,Green,9410729584,2022-08-29,,Community Team 2,+44(0)306 9990012,jonathan.lewis@example.com,"99 Chadwell Road, Chafford Hundred, Thurrock, Essex, RM16 4DD",3298
SU1081,Daniel,Law,1958-03-25,Male,Red,8474751072,2022-08-10,,Community Team 2,+44909 8790663,daniel.law@example.com,"172 Orsett Road, Chafford Hundred, Thurrock, Essex, RM19 3CC",1635
SU1082,Diana,Wilson,1989-09-12,Female,Green,1293103867,2024-10-18,2025-03-15,Community Team 2,(0191)4960756,diana.wilson@example.com,"129 Chadwell Road, Grays, Thurrock, Essex, RM19 5EE",3847
SU1083,Terry,Bolton,1961-03-19,Male,Green,7655940077,2022-02-25,,Community Team 1,+44(0)121 496 0817,terry.bolton@example.com,"90 Palmers Avenue, Aveley, Thurrock, Essex, RM17 1AA",2394
SU1084,Ellie,Evans,1994-10-23,Female,Green,8606335715,2023-05-24,2025-08-14,Community Team 4,+4428 9018706,ellie.evans@example.com,"152 Lodge Lane, Grays, Thurrock, Essex, RM20 3CC",4531
SU1085,Donna,Naylor,1957-03-03,Male,Green,3318480654,2024-07-03,,Community Team 3,+44(0)115 4960271,donna.naylor@example.com,"168 High Street, Stanford-le-Hope, Thurrock, Essex, RM20 5EE",5849
SU1086,Howard,Goodwin,1958-10-28,Male,Red,8477209011,2022-02-14,2025-03-18,Community Team 1,(0121)4960281,howard.goodwin@example.com,"90 Southend Road, Chafford Hundred, Thurrock, Essex, RM19 5EE",4813
SU1087,Frank,Martin,1968-05-22,Male,Amber,9950886700,2021-03-17,2025-05-16,Community Team 1,0141 4960969,frank.martin@example.com,"10 Bridge Road, South Ockendon, Thurrock, Essex, RM20 2BB",8777
SU1088,Timothy,Gill,1936-12-24,Male,Amber,7825609206,2023-01-24,2025-09-14,Community Team 2,(0115)4960683,timothy.gill@example.com,"103 Orsett Road, Aveley, Thurrock, Essex, RM16 2BB",7730
SU1089,Mohammed,Murphy,1970-03-17,Female,Green,6592050928,2022-12-25,,Community Team 2,(0114) 496 0016,mohammed.murphy@example.com,"85 College Avenue, Stanford-le-Hope, Thurrock, Essex, RM20 2BB",7616
SU1090,Annette,Oliver,1987-08-12,Female,Amber,3573394315,2022-09-14,,Community Team 2,(0113) 4960246,annette.oliver@example.com,"106 Bridge Road, South Ockendon, Thurrock, Essex, RM19 3CC",7287
SU1091,Carl,Mills,1992-12-29,Female,Red,6496584681,2023-12-26,2025-04-28,Community Team 2,01632 960948,carl.mills@example.com,"97 Cromwell Road, Stanford-le-Hope, Thurrock, Essex, RM15 3CC",2584
SU1092,Damian,Fowler,1932-01-11,Male,Amber,7749745788,2021-12-21,,Community Team 1,0141 496 0498,damian.fowler@example.com,"13 College Avenue, Chafford Hundred, Thurrock, Essex, RM18 4DD",2202
SU1093,Mitchell,Hill,1980-05-12,Male,Red,3574560657,2024-12-21,,Community Team 1,+44191 496 0791,mitchell.hill@example.com,"182 Bridge Road, South Ockendon, Thurrock, Essex, RM18 1AA",5496
SU1094,Frances,Quinn,1939-11-10,Female,Green,7119602516,2022-08-23,,Community Team 2,(0306) 9990912,frances.quinn@example.com,"103 High Street, Aveley, Thurrock, Essex, RM20 1AA",6294
SU1095,Matthew,Boyle,1974-10-10,Female,Amber,3553135445,2024-05-14,,Community Team 2,+44909 8790140,matthew.boyle@example.com,"76 Palmers Avenue, Aveley, Thurrock, Essex, RM20 5EE",7575
SU1096,Carl,Jones,1932-06-19,Male,Green,3998796334,2024-02-08,,Community Team 3,+44141 496 0475,carl.jones@example.com,"173 Southend Road, Grays, Thurrock, Essex, RM18 4DD",7366
SU1097,Ann,Hodgson,1937-09-23,Male,Green,7452555475,2023-04-11,,Community Team 2,(0161) 4960755,ann.hodgson@example.com,"114 Palmers Avenue, Stanford-le-Hope, Thurrock, Essex, RM17 4DD",8414
SU1098,Ellie,Whitehead,1936-01-06,Female,Amber,3432698685,2020-11-25,,Community Team 3,+441144960029,ellie.whitehead@example.com,"149 Southend Road, Grays, Thurrock, Essex, RM20 1AA",8957
SU1099,Alexander,Carpenter,1936-11-19,Female,Red,2228340492,2021-08-15,,Community Team 4,+441414960784,alexander.carpenter@example.com,"117 London Road, South Ockendon, Thurrock, Essex, RM18 3CC",2002
SU1100,Thomas,O'Brien,1939-07-26,Female,Amber,8442611665,2020-12-24,,Community Team 4,+44(0)9098790864,thomas.o'brien@example.com,"149 Palmers Avenue, Stanford-le-Hope, Thurrock, Essex, RM18 3CC",9715
SU1101,Joel,Elliott,1972-06-05,Male,Green,5467335581,2025-01-03,,Community Team 1,0131 4960395,joel.elliott@example.com,"86 Orsett Road, Chafford Hundred, Thurrock, Essex, RM17 1AA",5236
SU1102,Toby,Wood,1960-12-09,Female,Green,1870778442,2021-10-23,,Community Team 3,03069990375,toby.wood@example.com,"94 Lodge Lane, Tilbury, Thurrock, Essex, RM15 2BB",2710
SU1103,Adam,Hughes,1962-11-15,Male,Red,9259064613,2025-04-04,2025-02-02,Community Team 2,0121 4960824,adam.hughes@example.com,"40 Chadwell Road, Aveley, Thurrock, Essex, RM20 1AA",2966
SU1104,Rebecca,Martin,1944-05-04,Male,Amber,1572400302,2024-09-11,2025-08-20,Community Team 2,(0121) 496 0362,rebecca.martin@example.com,"192 London Road, Grays, Thurrock, Essex, RM17 4DD",4015
SU1105,Antony,Clark,1987-11-19,Female,Green,4106978870,2025-09-22,2025-01-02,Community Team 2,0141 4960356,antony.clark@example.com,"136 Lodge Lane, Stanford-le-Hope, Thurrock, Essex, RM19 1AA",5330
SU1106,Rita,Woods,1973-09-11,Female,Green,6750557889,2023-11-24,2024-10-23,Community Team 2,0113 496 0920,rita.woods@example.com,"135 Cromwell Road, South Ockendon, Thurrock, Essex, RM15 2BB",3007
SU1107,Phillip,Wright,1950-12-20,Male,Amber,6650594029,2022-12-18,,Community Team 4,+44115 496 0510,phillip.wright@example.com,"174 Orsett Road, Grays, Thurrock, Essex, RM17 3CC",9487
SU1108,Zoe,Jones,1951-03-16,Male,Green,8346114367,2023-03-08,,Community Team 2,(0191) 4960779,zoe.jones@example.com,"35 London Road, Chafford Hundred, Thurrock, Essex, RM16 3CC",7503
SU1109,Judith,Barlow,1938-01-10,Male,Amber,2623643078,2021-01-03,2025-08-01,Community Team 3,+44113 4960631,judith.barlow@example.com,"136 College Avenue, Tilbury, Thurrock, Essex, RM20 3CC",8724
SU1110,Tracey,Dickinson,1981-02-26,Male,Green,2822572665,2024-08-06,,Community Team 4,+44(0)289018463,tracey.dickinson@example.com,"200 High Street, Chafford Hundred, Thurrock, Essex, RM17 4DD",4359
SU1111,Kerry,Ingram,1976-10-05,Female,Green,1653381671,2023-11-22,,Community Team 2,+44(0)1184960757,kerry.ingram@example.com,"158 Orsett Road, Stanford-le-Hope, Thurrock, Essex, RM16 3CC",3708
SU1112,Jacqueline,Storey,1959-03-13,Female,Amber,9679290770,2025-05-23,,Community Team 4,+44116 4960191,jacqueline.storey@example.com,"119 Cromwell Road, Aveley, Thurrock, Essex, RM18 3CC",1100
SU1113,Victoria,Hartley,1988-08-04,Male,Amber,8024835408,2024-12-24,,Community Team 3,+4420 74960287,victoria.hartley@example.com,"46 Bridge Road, Grays, Thurrock, Essex, RM17 4DD",5650
SU1114,Eileen,Burton,1975-04-10,Female,Green,7790053236,2022-07-31,,Community Team 1,028 9018970,eileen.burton@example.com,"189 Palmers Avenue, Chafford Hundred, Thurrock, Essex, RM19 4DD",8340
SU1115,Antony,Iqbal,1944-08-11,Female,Red,7309575862,2023-12-14,,Community Team 2,+44114 4960863,antony.iqbal@example.com,"111 Cromwell Road, South Ockendon, Thurrock, Essex, RM15 2BB",1663
SU1116,Abdul,Russell,1956-11-02,Male,Green,3879757123,2024-08-12,,Community Team 4,+44(0)1214960755,abdul.russell@example.com,"93 High Street, Stanford-le-Hope, Thurrock, Essex, RM18 5EE",1229
SU1117,Rhys,Douglas,1967-07-05,Male,Amber,9334057772,2023-02-19,2025-09-02,Community Team 2,+44(0)1632960112,rhys.douglas@example.com,"26 Bridge Road, Chafford Hundred, Thurrock, Essex, RM19 1AA",2531
SU1118,Henry,Lewis,1959-10-14,Female,Green,6153415887,2024-03-27,2025-09-06,Community Team 4,0113 4960474,henry.lewis@example.com,"131 Orsett Road, Chafford Hundred, Thurrock, Essex, RM20 4DD",8910
SU1119,Kieran,Edwards,1948-07-10,Female,Amber,8866371934,2022-04-10,,Community Team 4,+4429 2018418,kieran.edwards@example.com,"70 Southend Road, Stanford-le-Hope, Thurrock, Essex, RM15 2BB",1245
SU1120,Joseph,Gill,1953-12-10,Male,Green,1330265871,2024-11-19,,Community Team 2,+44(0)3069990741,joseph.gill@example.com,"148 Southend Road, Chafford Hundred, Thurrock, Essex, RM17 3CC",6640
SU1121,Leah,Hutchinson,1935-06-20,Male,Amber,5596174745,2022-08-22,2024-10-24,Community Team 1,+44191 496 0399,leah.hutchinson@example.com,"17 Cromwell Road, Grays, Thurrock, Essex, RM18 1AA",5508
SU1122,Jane,Wright,1972-09-20,Male,Green,2024365039,2025-06-19,,Community Team 4,+44909 879 0348,jane.wright@example.com,"128 Southend Road, Tilbury, Thurrock, Essex, RM18 4DD",4775
SU1123,Josephine,Mason,1946-08-18,Female,Red,9885559581,2022-04-07,,Community Team 4,+44(0)808 157 0648,josephine.mason@example.com,"138 Orsett Road, Tilbury, Thurrock, Essex, RM15 4DD",2894
SU1124,Clare,Holland,1948-06-09,Male,Green,1215310365,2021-07-17,,Community Team 4,0191 498 0733,clare.holland@example.com,"156 Southend Road, Chafford Hundred, Thurrock, Essex, RM19 4DD",4808
SU1125,Liam,Ward,1966-02-01,Female,Green,6896474755,2023-10-22,,Community Team 3,+4429 2018 0603,liam.ward@example.com,"158 High Street, Grays, Thurrock, Essex, RM16 5EE",5853
SU1126,Fiona,Baker,1943-11-03,Female,Amber,4663524426,2023-10-05,2025-09-20,Community Team 1,+44(0)116 4960207,fiona.baker@example.com,"167 Orsett Road, Stanford-le-Hope, Thurrock, Essex, RM20 2BB",4153
SU1127,Brett,Anderson,1937-03-13,Male,Amber,8520085267,2021-07-15,,Community Team 4,+44(0)1632 960468,brett.anderson@example.com,"13 Orsett Road, Chafford Hundred, Thurrock, Essex, RM18 2BB",5145
SU1128,Luke,Wilson,1967-09-04,Female,Green,2268133808,2023-02-21,,Community Team 1,020 74960749,luke.wilson@example.com,"132 Bridge Road, Stanford-le-Hope, Thurrock, Essex, RM17 5EE",9819
SU1129,Joanne,Slater,1975-04-01,Female,Amber,2388972802,2024-04-18,,Community Team 2,(0116) 496 0603,joanne.slater@example.com,"154 High Street, Tilbury, Thurrock, Essex, RM18 2BB",9092
SU1130,Abigail,Ellis,1939-09-19,Male,Amber,4431011393,2021-12-13,2025-08-22,Community Team 1,01632 960 411,abigail.ellis@example.com,"88 Southend Road, Grays, Thurrock, Essex, RM20 5EE",9989
SU1131,Vincent,Clark,1937-07-16,Female,Red,6416457846,2025-09-19,,Community Team 1,+44(0)29 2018 0107,vincent.clark@example.com,"85 Southend Road, Tilbury, Thurrock, Essex, RM19 3CC",9479
SU1132,Tony,Foster,1939-02-19,Female,Red,7934750902,2024-02-28,,Community Team 3,+44292018947,tony.foster@example.com,"6 Orsett Road, Tilbury, Thurrock, Essex, RM18 5EE",3882
SU1133,Chloe,Marshall,1950-12-03,Female,Amber,5498892309,2024-08-13,,Community Team 2,0117 4960036,chloe.marshall@example.com,"135 London Road, Grays, Thurrock, Essex, RM15 2BB",2567
SU1134,Nigel,Schofield,1961-11-27,Male,Red,2776194241,2023-02-11,2025-08-31,Community Team 4,(0131) 4960063,nigel.schofield@example.com,"195 Palmers Avenue, Grays, Thurrock, Essex, RM16 3CC",4868
SU1135,Ashley,Greenwood,1970-09-14,Male,Green,5320363272,2022-04-08,,Community Team 3,+44(0)306 999 0119,ashley.greenwood@example.com,"101 Bridge Road, South Ockendon, Thurrock, Essex, RM16 4DD",8576
SU1136,Michelle,Davies,1937-09-07,Female,Green,9196330578,2022-07-16,,Community Team 3,0141 496 0817,michelle.davies@example.com,"84 Southend Road, Stanford-le-Hope, Thurrock, Essex, RM20 2BB",2406
SU1137,Antony,Johnson,1969-02-04,Male,Red,7422517602,2025-05-20,,Community Team 4,(0117) 4960130,antony.johnson@example.com,"131 Lodge Lane, Stanford-le-Hope, Thurrock, Essex, RM15 3CC",7515
SU1138,Nigel,Brady,1971-03-15,Female,Amber,7364830121,2020-10-23,,Community Team 2,(0161)4960363,nigel.brady@example.com,"194 College Avenue, Tilbury, Thurrock, Essex, RM17 1AA",2500
SU1139,Alice,Browne,1975-03-08,Male,Amber,9774246388,2025-09-08,2024-10-20,Community Team 4,0289018107,alice.browne@example.com,"35 Southend Road, Chafford Hundred, Thurrock, Essex, RM19 5EE",8051
SU1140,Martin,Field,1970-06-09,Female,Amber,5342303946,2021-02-01,,Community Team 1,0141 4960954,martin.field@example.com,"181 London Road, Tilbury, Thurrock, Essex, RM18 3CC",1064
SU1141,Alan,Baker,1934-04-19,Female,Green,9187150160,2024-01-06,2024-11-23,Community Team 2,(0116)4960050,alan.baker@example.com,"183 Chadwell Road, South Ockendon, Thurrock, Essex, RM17 2BB",4300
SU1142,Wayne,Powell,1936-03-02,Male,Amber,3452512477,2022-03-10,,Community Team 2,+44(0)29 2018 0351,wayne.powell@example.com,"11 Bridge Road, Aveley, Thurrock, Essex, RM16 2BB",9053
SU1143,Jacqueline,Smith,1983-03-28,Female,Amber,6453702623,2025-09-10,2024-12-12,Community Team 3,+44306 999 0706,jacqueline.smith@example.com,"154 High Street, Chafford Hundred, Thurrock, Essex, RM20 1AA",3419
SU1144,Jason,Jones,1952-12-22,Male,Red,2818757215,2021-12-29,,Community Team 1,(01632) 960 712,jason.jones@example.com,"2 Bridge Road, Stanford-le-Hope, Thurrock, Essex, RM16 3CC",4225
SU1145,Mohammed,Jones,1942-11-08,Female,Amber,3748730694,2020-12-18,,Community Team 3,(0114) 4960240,mohammed.jones@example.com,"14 High Street, South Ockendon, Thurrock, Essex, RM19 4DD",6008
SU1146,Martyn,Wilson,1936-12-13,Female,Red,6547785929,2024-04-22,,Community Team 4,(028)9018658,martyn.wilson@example.com,"70 Orsett Road, Aveley, Thurrock, Essex, RM15 3CC",7509
SU1147,Harry,Rogers,1973-07-06,Female,Amber,4441604080,2021-09-10,,Community Team 4,+4420 74960171,harry.rogers@example.com,"101 High Street, Grays, Thurrock, Essex, RM20 2BB",9077
SU1148,Ryan,Johnson,1988-03-16,Female,Green,1615566288,2020-11-19,,Community Team 3,(0114)4960582,ryan.johnson@example.com,"121 Cromwell Road, Grays, Thurrock, Essex, RM20 2BB",1634
SU1149,Mohamed,Hall,1942-08-24,Male,Red,9081712166,2025-05-20,,Community Team 4,+44(0)141 4960644,mohamed.hall@example.com,"102 London Road, Tilbury, Thurrock, Essex, RM19 3CC",9378
SU1150,Jeremy,Nelson,1982-12-03,Male,Red,2088684055,2023-01-27,,Community Team 2,+44115 4960779,jeremy.nelson@example.com,"186 Cromwell Road, Chafford Hundred, Thurrock, Essex, RM15 4DD",2797
SU1151,Brandon,Shaw,1977-07-23,Female,Red,2306184371,2022-03-02,,Community Team 1,+44(0)151 496 0535,brandon.shaw@example.com,"84 Chadwell Road, South Ockendon, Thurrock, Essex, RM18 3CC",8972
SU1152,Dominic,Thomas,1946-10-07,Female,Amber,8367010187,2024-05-13,,Community Team 3,0117 496 0689,dominic.thomas@example.com,"79 College Avenue, Stanford-le-Hope, Thurrock, Essex, RM17 2BB",5373
SU1153,Marie,Campbell,1975-06-05,Female,Red,5766781767,2022-12-06,,Community Team 2,(0131) 496 0904,marie.campbell@example.com,"162 Lodge Lane, Chafford Hundred, Thurrock, Essex, RM20 2BB",9328
SU1154,Justin,Burton,1940-04-08,Male,Amber,7354289466,2023-03-24,2025-08-07,Community Team 3,(0118) 4960753,justin.burton@example.com,"47 London Road, Aveley, Thurrock, Essex, RM16 2BB",5048
SU1155,Terence,Slater,1984-07-02,Male,Green,2259651136,2024-03-31,,Community Team 4,(0191) 496 0435,terence.slater@example.com,"41 Palmers Avenue, Chafford Hundred, Thurrock, Essex, RM17 4DD",2936
SU1156,Vanessa,Gill,1968-08-18,Female,Green,6318520087,2023-03-27,,Community Team 2,01632 960525,vanessa.gill@example.com,"174 Orsett Road, South Ockendon, Thurrock, Essex, RM16 2BB",9599
SU1157,Barbara,Davis,1945-03-25,Female,Red,9872432525,2020-12-09,,Community Team 2,+44808 1570887,barbara.davis@example.com,"135 Lodge Lane, Aveley, Thurrock, Essex, RM18 4DD",8426
SU1158,Natasha,White,1933-04-29,Male,Red,5885294364,2021-09-08,,Community Team 3,+44(0)131 4960944,natasha.white@example.com,"73 Orsett Road, Aveley, Thurrock, Essex, RM18 2BB",8837
SU1159,Terry,Hawkins,1937-11-17,Female,Amber,1512327447,2021-06-30,,Community Team 1,+44(0)117 4960693,terry.hawkins@example.com,"114 High Street, Stanford-le-Hope, Thurrock, Essex, RM19 1AA",7282
SU1160,Louis,Smith,1950-06-14,Female,Green,9324435536,2022-06-05,,Community Team 2,0909 8790551,louis.smith@example.com,"110 Bridge Road, Chafford Hundred, Thurrock, Essex, RM20 5EE",3001
SU1161,Bruce,Palmer,1992-08-25,Male,Red,6609278116,2021-01-06,,Community Team 1,0131 4960540,bruce.palmer@example.com,"89 Bridge Road, Chafford Hundred, Thurrock, Essex, RM15 2BB",6808
SU1162,Geraldine,Harper,1941-11-16,Male,Amber,1081937732,2021-05-22,,Community Team 1,(0115) 496 0564,geraldine.harper@example.com,"15 High Street, Tilbury, Thurrock, Essex, RM17 3CC",5002
SU1163,Amber,Hunt,1963-10-29,Male,Amber,3201239725,2021-10-07,2025-01-07,Community Team 1,+44115 4960531,amber.hunt@example.com,"157 Lodge Lane, Aveley, Thurrock, Essex, RM18 5EE",2345
SU1164,Stewart,Wallis,1991-07-23,Male,Green,7739464115,2022-08-21,2025-04-11,Community Team 3,0115 496 0785,stewart.wallis@example.com,"95 College Avenue, Aveley, Thurrock, Essex, RM19 4DD",9358
SU1165,Yvonne,Thompson,1982-07-13,Male,Amber,2178336917,2024-10-15,,Community Team 3,+44(0)117 4960957,yvonne.thompson@example.com,"67 Southend Road, Aveley, Thurrock, Essex, RM15 3CC",5819
SU1166,Bryan,Grant,1991-08-22,Female,Green,8479386218,2021-05-17,,Community Team 4,(0141) 496 0543,bryan.grant@example.com,"89 Chadwell Road, Grays, Thurrock, Essex, RM20 2BB",3023
SU1167,Jonathan,Allen,1952-08-24,Male,Red,1189930023,2021-10-30,,Community Team 3,+441414960885,jonathan.allen@example.com,"114 Cromwell Road, Aveley, Thurrock, Essex, RM18 5EE",7868
SU1168,Sandra,Marsh,1940-08-22,Male,Amber,8885569869,2024-02-13,,Community Team 3,(0113) 4960506,sandra.marsh@example.com,"104 Bridge Road, Grays, Thurrock, Essex, RM18 2BB",5649
SU1169,David,Baker,1962-02-24,Female,Amber,1185280337,2022-06-27,,Community Team 4,(0131) 496 0042,david.baker@example.com,"16 High Street, Stanford-le-Hope, Thurrock, Essex, RM17 4DD",8855
SU1170,Mathew,Chambers,1952-05-05,Male,Red,3076074894,2024-02-10,2025-08-13,Community Team 1,+44(0)909 879 0201,mathew.chambers@example.com,"43 Cromwell Road, Stanford-le-Hope, Thurrock, Essex, RM19 2BB",7176
SU1171,Roger,Lee,1972-07-20,Female,Red,5681652474,2021-03-06,,Community Team 4,(0151) 4960484,roger.lee@example.com,"55 Lodge Lane, Chafford Hundred, Thurrock, Essex, RM20 5EE",8324
SU1172,Tony,Thompson,1989-05-09,Female,Red,2812864861,2024-07-26,,Community Team 1,0121 4960027,tony.thompson@example.com,"38 Cromwell Road, Grays, Thurrock, Essex, RM15 4DD",9236
SU1173,Ashleigh,Gregory,1981-01-26,Male,Green,4590354480,2021-12-07,,Community Team 2,01164960374,ashleigh.gregory@example.com,"177 Palmers Avenue, South Ockendon, Thurrock, Essex, RM18 2BB",9022
SU1174,Sheila,Brown,1952-11-10,Female,Green,1225012119,2023-10-10,,Community Team 4,+44(0)115 496 0480,sheila.brown@example.com,"126 Cromwell Road, Chafford Hundred, Thurrock, Essex, RM16 2BB",1497
SU1175,Jonathan,Clark,1994-05-11,Male,Amber,9461215126,2023-01-03,,Community Team 2,+441164960996,jonathan.clark@example.com,"162 Chadwell Road, Stanford-le-Hope, Thurrock, Essex, RM20 4DD",7559
SU1176,David,Wheeler,1934-10-14,Male,Red,3310977634,2024-11-09,2025-06-01,Community Team 1,+4420 74960120,david.wheeler@example.com,"9 Cromwell Road, Chafford Hundred, Thurrock, Essex, RM15 3CC",7067
SU1177,Rachael,Norris,1945-09-30,Female,Red,5312122157,2022-09-18,,Community Team 4,+442074960577,rachael.norris@example.com,"113 Orsett Road, Aveley, Thurrock, Essex, RM15 2BB",6475
SU1178,Stanley,Gray,1976-03-11,Male,Amber,7228512383,2024-07-28,,Community Team 2,(0161) 496 0463,stanley.gray@example.com,"193 London Road, Grays, Thurrock, Essex, RM15 5EE",4919
SU1179,Irene,Lee,1971-05-19,Female,Green,6761878724,2024-12-14,,Community Team 3,+441632960495,irene.lee@example.com,"84 Chadwell Road, Chafford Hundred, Thurrock, Essex, RM15 2BB",5875
SU1180,Kirsty,Booth,1970-07-20,Male,Green,6808366244,2022-09-20,,Community Team 2,01144960079,kirsty.booth@example.com,"142 London Road, South Ockendon, Thurrock, Essex, RM17 3CC",2506
SU1181,Anthony,Doyle,1938-04-24,Female,Green,1427159721,2023-02-28,,Community Team 3,(0151) 496 0531,anthony.doyle@example.com,"75 Chadwell Road, Chafford Hundred, Thurrock, Essex, RM19 1AA",5077
SU1182,Nicole,Wood,1993-09-30,Female,Red,9154903906,2024-05-21,,Community Team 4,(0121) 4960909,nicole.wood@example.com,"35 Bridge Road, South Ockendon, Thurrock, Essex, RM17 4DD",7896
SU1183,June,Slater,1956-07-30,Male,Amber,7592320897,2024-08-01,,Community Team 1,(0306) 9990755,june.slater@example.com,"198 Chadwell Road, Tilbury, Thurrock, Essex, RM15 4DD",5660
SU1184,Luke,White,1989-02-19,Female,Green,6803598156,2023-11-24,,Community Team 2,(0115) 4960100,luke.white@example.com,"9 Southend Road, Chafford Hundred, Thurrock, Essex, RM15 1AA",7776
SU1185,Judith,Gilbert,1946-10-02,Male,Red,3079117024,2023-12-19,,Community Team 2,0191 498 0452,judith.gilbert@example.com,"127 Chadwell Road, Grays, Thurrock, Essex, RM19 3CC",9536
SU1186,Sylvia,Kaur,1970-05-13,Male,Green,6553789493,2023-06-08,,Community Team 1,+44(0)121 4960221,sylvia.kaur@example.com,"111 London Road, South Ockendon, Thurrock, Essex, RM19 5EE",2367
SU1187,Deborah,Willis,1957-04-02,Male,Red,1829587402,2022-11-28,2024-12-22,Community Team 2,(0306) 9990463,deborah.willis@example.com,"85 London Road, Aveley, Thurrock, Essex, RM17 3CC",4021
SU1188,Beth,Porter,1964-07-09,Male,Amber,8875232441,2020-10-23,2025-08-24,Community Team 3,+44(0)28 9018 0329,beth.porter@example.com,"170 Orsett Road, South Ockendon, Thurrock, Essex, RM18 4DD",1875
SU1189,Sally,Allan,1961-07-05,Female,Red,2117586162,2023-08-08,,Community Team 3,+44(0)1632960123,sally.allan@example.com,"168 College Avenue, Aveley, Thurrock, Essex, RM20 3CC",9317
SU1190,Angela,Hall,1935-06-30,Female,Amber,9454355992,2021-12-17,2025-05-14,Community Team 4,(029) 2018517,angela.hall@example.com,"121 Palmers Avenue, Chafford Hundred, Thurrock, Essex, RM15 5EE",3971
SU1191,Marcus,Lee,1945-08-24,Female,Red,2324582959,2023-09-01,,Community Team 3,+44117 4960570,marcus.lee@example.com,"12 Bridge Road, South Ockendon, Thurrock, Essex, RM18 3CC",2543
SU1192,Jeremy,Woodward,1938-07-22,Male,Green,8247136860,2024-03-02,2025-02-11,Community Team 4,(020) 74960500,jeremy.woodward@example.com,"149 Lodge Lane, Stanford-le-Hope, Thurrock, Essex, RM16 2BB",9663
SU1193,Shane,Morgan,1961-05-25,Male,Green,2086833890,2020-10-12,,Community Team 4,01184960836,shane.morgan@example.com,"52 Orsett Road, South Ockendon, Thurrock, Essex, RM15 2BB",7845
SU1194,Damian,Lewis,1950-12-28,Male,Amber,6921930838,2023-01-02,,Community Team 4,(0141) 4960832,damian.lewis@example.com,"192 Bridge Road, Chafford Hundred, Thurrock, Essex, RM17 1AA",3887
SU1195,Sam,George,1986-02-17,Male,Green,2942861942,2023-10-09,2025-02-28,Community Team 2,01164960002,sam.george@example.com,"52 Bridge Road, Chafford Hundred, Thurrock, Essex, RM17 3CC",8964
SU1196,Suzanne,Taylor,1992-06-05,Female,Green,5416674771,2022-01-29,,Community Team 1,+44306 999 0344,suzanne.taylor@example.com,"129 Southend Road, Aveley, Thurrock, Essex, RM20 1AA",9592
SU1197,Victor,Page,1993-11-26,Male,Green,4175352092,2025-01-10,2025-06-01,Community Team 4,(0141) 4960809,victor.page@example.com,"17 Southend Road, Tilbury, Thurrock, Essex, RM19 1AA",2351
SU1198,Kate,Turner,1942-01-31,Female,Green,4777186271,2024-12-27,,Community Team 4,(0114)4960130,kate.turner@example.com,"91 Chadwell Road, Chafford Hundred, Thurrock, Essex, RM18 5EE",9442
SU1199,Diane,Bell,1977-09-26,Female,Red,8127591369,2024-12-21,,Community Team 1,(0116) 496 0606,diane.bell@example.com,"163 Lodge Lane, Stanford-le-Hope, Thurrock, Essex, RM16 5EE",8664
SU1200,Shirley,Smith,1945-11-12,Male,Green,4251031288,2024-07-04,,Community Team 2,+44131 496 0840,shirley.smith@example.com,"57 Cromwell Road, Chafford Hundred, Thurrock, Essex, RM19 3CC",4909
SU1201,Ann,Hutchinson,1969-04-29,Male,Amber,8704459522,2024-05-18,,Community Team 3,(0161) 4960258,ann.hutchinson@example.com,"123 Southend Road, Grays, Thurrock, Essex, RM16 1AA",1858
SU1202,Alex,Price,1953-10-23,Male,Green,9211623982,2022-05-11,2025-09-17,Community Team 4,0115 496 0803,alex.price@example.com,"45 High Street, Aveley, Thurrock, Essex, RM19 4DD",9582
SU1203,Brandon,Walker,1959-02-16,Male,Amber,7683175462,2025-04-08,,Community Team 3,+44(0)808 1570189,brandon.walker@example.com,"70 Chadwell Road, Aveley, Thurrock, Essex, RM18 3CC",6759
SU1204,Marie,Cox,1951-08-18,Male,Amber,1390580086,2024-02-26,,Community Team 4,0306 9990546,marie.cox@example.com,"81 High Street, Chafford Hundred, Thurrock, Essex, RM16 2BB",3635
SU1205,Matthew,Robinson,1978-07-21,Male,Red,5668151730,2023-07-13,,Community Team 2,+44(0)306 999 0583,matthew.robinson@example.com,"21 High Street, Chafford Hundred, Thurrock, Essex, RM19 2BB",8872
SU1206,Kieran,Bennett,1934-09-14,Female,Amber,3792790572,2022-09-30,,Community Team 3,+44808 1570237,kieran.bennett@example.com,"144 Chadwell Road, Chafford Hundred, Thurrock, Essex, RM19 3CC",5806
SU1207,Michael,West,1979-11-21,Female,Amber,9739206245,2024-10-22,,Community Team 1,01154960055,michael.west@example.com,"154 Cromwell Road, Tilbury, Thurrock, Essex, RM20 1AA",5952
SU1208,Bryan,Godfrey,1947-09-07,Female,Amber,7437925756,2023-10-21,,Community Team 2,(0141)4960505,bryan.godfrey@example.com,"162 High Street, Aveley, Thurrock, Essex, RM18 3CC",5952
SU1209,Henry,Waters,1932-06-03,Male,Amber,8411491469,2022-11-09,,Community Team 2,(0113) 496 0773,henry.waters@example.com,"25 Lodge Lane, Aveley, Thurrock, Essex, RM16 5EE",3003
SU1210,Stacey,Fisher,1984-08-22,Female,Amber,2019178438,2023-12-20,,Community Team 1,+44115 496 0742,stacey.fisher@example.com,"194 College Avenue, Grays, Thurrock, Essex, RM15 2BB",2841
SU1211,Marian,Field,1990-12-26,Male,Red,7478954319,2021-04-22,2025-08-01,Community Team 1,+44151 4960575,marian.field@example.com,"67 Bridge Road, Grays, Thurrock, Essex, RM18 1AA",2111
SU1212,Ian,Short,1931-03-15,Male,Amber,3565065238,2022-10-24,,Community Team 1,(0131)4960510,ian.short@example.com,"20 London Road, Tilbury, Thurrock, Essex, RM16 5EE",3337
SU1213,Jacob,Cameron,1974-05-30,Female,Green,9120430559,2021-12-22,,Community Team 1,+44(0)1134960268,jacob.cameron@example.com,"107 Cromwell Road, South Ockendon, Thurrock, Essex, RM15 5EE",8180
SU1214,Dennis,Humphreys,1976-12-31,Male,Amber,6851257532,2023-05-06,,Community Team 1,+448081570206,dennis.humphreys@example.com,"194 Southend Road, Aveley, Thurrock, Essex, RM17 5EE",1828
SU1215,Hollie,Matthews,1988-01-14,Female,Green,3872090551,2023-06-17,,Community Team 1,0289018374,hollie.matthews@example.com,"175 Lodge Lane, Aveley, Thurrock, Essex, RM17 5EE",7481
SU1216,Sarah,Baxter,1959-11-30,Female,Amber,6769852098,2022-10-30,2025-06-02,Community Team 2,+44(0)1914960273,sarah.baxter@example.com,"188 Southend Road, South Ockendon, Thurrock, Essex, RM18 2BB",2755
SU1217,Kerry,Davies,1952-02-16,Male,Red,1732424169,2024-09-08,,Community Team 3,+441174960455,kerry.davies@example.com,"85 High Street, Stanford-le-Hope, Thurrock, Essex, RM20 1AA",4463
SU1218,Nigel,Allen,1958-04-17,Female,Amber,8806096861,2024-09-03,,Community Team 1,(0115)4960350,nigel.allen@example.com,"61 Palmers Avenue, Tilbury, Thurrock, Essex, RM17 4DD",9035
SU1219,Clive,Chadwick,1960-11-19,Female,Green,9012683130,2021-09-17,2024-11-24,Community Team 2,+44808 157 0427,clive.chadwick@example.com,"141 Bridge Road, Stanford-le-Hope, Thurrock, Essex, RM15 4DD",6856
SU1220,Justin,Williams,1984-09-21,Female,Red,8439919661,2024-05-10,,Community Team 1,0151 4960991,justin.williams@example.com,"183 Chadwell Road, Grays, Thurrock, Essex, RM16 5EE",8684
SU1221,Abbie,Potter,1961-05-19,Female,Amber,9700228986,2024-12-24,2024-11-22,Community Team 4,(0121) 496 0611,abbie.potter@example.com,"138 High Street, Tilbury, Thurrock, Essex, RM19 5EE",1547
SU1222,Gareth,Oliver,1940-01-08,Male,Red,1542297897,2021-05-12,2025-01-29,Community Team 4,+44(0)115 496 0033,gareth.oliver@example.com,"98 Cromwell Road, South Ockendon, Thurrock, Essex, RM18 5EE",7029
SU1223,Leah,Marshall,1983-07-07,Female,Green,3553897241,2024-09-10,,Community Team 1,+44(0)289018472,leah.marshall@example.com,"14 High Street, Grays, Thurrock, Essex, RM18 3CC",2541
SU1224,Shane,White,1957-09-12,Female,Amber,5625946749,2024-12-17,,Community Team 4,+44(0)3069990421,shane.white@example.com,"132 Cromwell Road, South Ockendon, Thurrock, Essex, RM15 2BB",7640
SU1225,Amy,Matthews,1993-11-19,Male,Red,4034474170,2023-11-23,2025-08-29,Community Team 3,(0118) 496 0282,amy.matthews@example.com,"40 London Road, South Ockendon, Thurrock, Essex, RM19 5EE",9165
SU1226,Sophie,Duncan,1961-07-04,Male,Amber,1372625793,2022-04-23,,Community Team 4,+44(0)1164960646,sophie.duncan@example.com,"18 Lodge Lane, Stanford-le-Hope, Thurrock, Essex, RM16 2BB",5266
SU1227,Clive,Ali,1981-09-08,Female,Green,8098288529,2021-08-12,,Community Team 2,(028) 9018733,clive.ali@example.com,"183 Bridge Road, South Ockendon, Thurrock, Essex, RM18 1AA",1212
SU1228,Aimee,Hart,1932-07-02,Male,Green,6368434621,2023-03-08,,Community Team 3,01144960376,aimee.hart@example.com,"47 Bridge Road, Grays, Thurrock, Essex, RM18 2BB",1328
SU1229,Tracy,Harrison,1957-07-24,Female,Red,5407112219,2023-04-06,2024-10-16,Community Team 2,(0116)4960493,tracy.harrison@example.com,"10 Bridge Road, South Ockendon, Thurrock, Essex, RM17 1AA",4708
SU1230,Anna,Miller,1939-08-28,Female,Amber,4729365147,2025-05-22,,Community Team 2,0116 4960821,anna.miller@example.com,"51 Palmers Avenue, Stanford-le-Hope, Thurrock, Essex, RM16 1AA",2818
SU1231,Mitchell,Allen,1970-01-07,Female,Amber,3298304706,2022-02-22,,Community Team 4,+44(0)117 4960007,mitchell.allen@example.com,"21 London Road, South Ockendon, Thurrock, Essex, RM18 3CC",2703
SU1232,Albert,Smith,1953-07-25,Male,Green,2727272225,2023-04-16,,Community Team 3,01174960328,albert.smith@example.com,"154 High Street, Chafford Hundred, Thurrock, Essex, RM17 5EE",8818
SU1233,Marilyn,Butler,1930-03-02,Female,Red,1993570245,2022-04-28,,Community Team 3,0808 157 0476,marilyn.butler@example.com,"31 High Street, Chafford Hundred, Thurrock, Essex, RM19 2BB",1420
SU1234,Lynne,Thomas,1995-01-09,Male,Green,4456418492,2022-12-12,,Community Team 3,+44(0)114 4960166,lynne.thomas@example.com,"116 College Avenue, Grays, Thurrock, Essex, RM18 3CC",6701
SU1235,Max,Jones,1972-10-15,Male,Green,7931962830,2022-07-15,,Community Team 1,(0909) 8790183,max.jones@example.com,"1 Cromwell Road, Tilbury, Thurrock, Essex, RM20 2BB",9317
SU1236,Damian,Foster,1969-04-30,Male,Red,4803907124,2021-06-14,,Community Team 2,+44(0)115 4960932,damian.foster@example.com,"29 Palmers Avenue, Grays, Thurrock, Essex, RM16 3CC",6361
SU1237,Sarah,Page,1964-05-29,Female,Red,6182595369,2022-10-15,,Community Team 1,+443069990506,sarah.page@example.com,"127 Orsett Road, Tilbury, Thurrock, Essex, RM20 1AA",7380
SU1238,Kelly,Stewart,1941-04-29,Male,Green,5426245542,2021-04-02,,Community Team 1,+44(0)29 2018982,kelly.stewart@example.com,"66 Bridge Road, Tilbury, Thurrock, Essex, RM15 4DD",9400
SU1239,Gemma,Moss,1965-01-12,Male,Amber,9846540711,2023-07-28,,Community Team 2,(0141) 496 0511,gemma.moss@example.com,"129 Palmers Avenue, Stanford-le-Hope, Thurrock, Essex, RM17 4DD",6318
SU1240,Ann,Parkin,1960-08-02,Male,Amber,8940181198,2023-07-24,2025-01-27,Community Team 1,(0113)4960295,ann.parkin@example.com,"43 Palmers Avenue, Tilbury, Thurrock, Essex, RM20 2BB",4298
SU1241,Kim,Hawkins,1989-03-07,Female,Red,5646477836,2024-08-29,,Community Team 4,(0151) 4960084,kim.hawkins@example.com,"110 College Avenue, South Ockendon, Thurrock, Essex, RM19 5EE",1877
SU1242,Judith,Brookes,1939-06-09,Male,Green,5598402807,2025-06-02,2025-10-02,Community Team 2,0161 496 0746,judith.brookes@example.com,"187 Bridge Road, Chafford Hundred, Thurrock, Essex, RM16 5EE",6634
SU1243,Tom,Myers,1947-03-15,Female,Green,6817764557,2022-05-08,2025-04-12,Community Team 3,0141 4960684,tom.myers@example.com,"133 Lodge Lane, Tilbury, Thurrock, Essex, RM19 5EE",7511
SU1244,Mohamed,Sutton,1962-09-03,Female,Red,7151465169,2024-10-31,2025-01-04,Community Team 3,+44(0)909 8790195,mohamed.sutton@example.com,"56 London Road, Tilbury, Thurrock, Essex, RM18 5EE",2727
SU1245,Christopher,Powell,1935-09-10,Female,Amber,3283322723,2025-02-27,,Community Team 2,+4429 2018 0349,christopher.powell@example.com,"98 Cromwell Road, Aveley, Thurrock, Essex, RM18 1AA",7413
SU1246,Matthew,Jones,1947-09-26,Male,Amber,9513615120,2023-01-28,,Community Team 2,0191 4960948,matthew.jones@example.com,"14 Lodge Lane, Grays, Thurrock, Essex, RM20 3CC",8340
SU1247,Marilyn,Patel,1978-10-10,Female,Red,1794228234,2024-01-07,2025-02-10,Community Team 3,+442074960297,marilyn.patel@example.com,"114 Bridge Road, Grays, Thurrock, Essex, RM18 5EE",6941
SU1248,Hannah,Clarke,1931-02-18,Female,Green,7565170298,2021-09-10,,Community Team 4,01174960353,hannah.clarke@example.com,"103 London Road, Chafford Hundred, Thurrock, Essex, RM19 4DD",5548
SU1249,Sean,James,1942-03-09,Female,Amber,1682711605,2022-02-02,,Community Team 1,+44(0)2074960560,sean.james@example.com,"77 College Avenue, Stanford-le-Hope, Thurrock, Essex, RM17 3CC",4815
SU1250,Kim,Cooper,1987-11-21,Female,Amber,8154742766,2024-11-28,,Community Team 1,+44(0)289018436,kim.cooper@example.com,"57 Bridge Road, Chafford Hundred, Thurrock, Essex, RM20 3CC",1451
SU1251,Barry,Green,1982-03-01,Male,Amber,9210890208,2023-06-13,,Community Team 1,+44(0)1614960735,barry.green@example.com,"98 Bridge Road, South Ockendon, Thurrock, Essex, RM16 3CC",7078
SU1252,Gordon,Short,1975-12-13,Male,Red,8930931668,2025-04-05,,Community Team 4,0121 496 0649,gordon.short@example.com,"171 Southend Road, Stanford-le-Hope, Thurrock, Essex, RM20 2BB",3077
SU1253,Gail,Osborne,1986-02-26,Male,Red,1992253007,2021-12-04,,Community Team 1,0306 9990538,gail.osborne@example.com,"28 Lodge Lane, South Ockendon, Thurrock, Essex, RM18 4DD",2977
SU1254,Diana,Lynch,1983-09-23,Female,Red,5242332953,2023-12-11,,Community Team 1,(0909)8790219,diana.lynch@example.com,"153 London Road, Grays, Thurrock, Essex, RM20 3CC",8137
SU1255,Joyce,Roberts,1931-05-03,Female,Green,6790685576,2024-03-20,,Community Team 4,(0115) 4960651,joyce.roberts@example.com,"179 Lodge Lane, Grays, Thurrock, Essex, RM19 2BB",3755
SU1256,Abigail,Richardson,1969-11-23,Female,Green,4895519131,2025-09-26,,Community Team 1,+44(0)20 7496 0156,abigail.richardson@example.com,"70 Bridge Road, Grays, Thurrock, Essex, RM19 3CC",9228
SU1257,Leslie,Morgan,1940-12-14,Male,Amber,9234471612,2024-01-12,,Community Team 4,(0808)1570789,leslie.morgan@example.com,"174 Orsett Road, Grays, Thurrock, Essex, RM16 4DD",3667
SU1258,Harry,Miller,1938-07-26,Male,Amber,3463477181,2022-09-05,,Community Team 4,+4420 74960854,harry.miller@example.com,"197 High Street, Grays, Thurrock, Essex, RM18 1AA",1630
SU1259,Ruth,Morgan,1984-05-27,Male,Amber,6308172841,2024-11-20,2025-01-07,Community Team 2,(0191) 4960786,ruth.morgan@example.com,"175 Chadwell Road, Chafford Hundred, Thurrock, Essex, RM15 2BB",4944
SU1260,Sarah,Griffiths,1941-11-14,Female,Red,8607896885,2023-05-06,,Community Team 2,+44(0)116 496 0146,sarah.griffiths@example.com,"90 Lodge Lane, South Ockendon, Thurrock, Essex, RM19 5EE",4346
SU1261,Patrick,Moss,1939-05-22,Female,Green,9609515077,2022-05-25,,Community Team 4,+44(0)1632 960 823,patrick.moss@example.com,"80 London Road, Tilbury, Thurrock, Essex, RM16 1AA",2271
SU1262,Holly,Iqbal,1984-05-06,Male,Red,6246424783,2024-06-11,,Community Team 2,01632960444,holly.iqbal@example.com,"193 Palmers Avenue, Stanford-le-Hope, Thurrock, Essex, RM18 5EE",7249
SU1263,Alison,White,1980-09-23,Male,Red,7577359339,2022-11-02,,Community Team 1,(0118) 496 0119,alison.white@example.com,"91 Cromwell Road, Aveley, Thurrock, Essex, RM18 1AA",9486
SU1264,Josephine,Marsh,1959-10-16,Female,Amber,6291114833,2021-04-25,,Community Team 4,(028) 9018477,josephine.marsh@example.com,"79 Bridge Road, Aveley, Thurrock, Essex, RM15 3CC",7834
SU1265,Karen,Hunter,1957-05-08,Male,Amber,1681457683,2023-01-29,,Community Team 2,(0118) 4960453,karen.hunter@example.com,"9 London Road, Stanford-le-Hope, Thurrock, Essex, RM20 3CC",7870
SU1266,Lesley,Mills,1975-03-01,Female,Green,8826414914,2024-10-04,,Community Team 1,+44(0)161 496 0467,lesley.mills@example.com,"200 Cromwell Road, Tilbury, Thurrock, Essex, RM19 2BB",6576
SU1267,Daniel,Arnold,1960-06-03,Female,Amber,4234234584,2022-06-06,,Community Team 1,0113 4960837,daniel.arnold@example.com,"139 Cromwell Road, Aveley, Thurrock, Essex, RM15 4DD",8547
SU1268,Jason,Johnson,1956-03-14,Male,Amber,5026489663,2022-06-07,,Community Team 2,0114 4960108,jason.johnson@example.com,"191 London Road, Stanford-le-Hope, Thurrock, Essex, RM16 5EE",6393
SU1269,Pamela,Martin,1984-03-15,Male,Red,4923049466,2020-12-02,,Community Team 4,01632960742,pamela.martin@example.com,"148 Bridge Road, Tilbury, Thurrock, Essex, RM17 5EE",9390
SU1270,Clare,Clark,1963-04-14,Male,Green,5944460650,2024-10-23,2025-09-12,Community Team 2,0117 4960294,clare.clark@example.com,"4 Bridge Road, Stanford-le-Hope, Thurrock, Essex, RM18 5EE",2899
SU1271,Barry,Bell,1974-03-05,Male,Red,4013331235,2021-03-18,,Community Team 4,(0118) 4960760,barry.bell@example.com,"200 Bridge Road, South Ockendon, Thurrock, Essex, RM18 3CC",9248
